{"cameraMode":{"drawMode":0,"name":"Shaded","section":"Shading Mode"},"sceneLighting":false,"audioPlay":false,"sceneViewState":{"showFog":true,"showMaterialUpdate":false,"showSkybox":false,"showFlares":true,"showImageEffects":true,"showParticleSystems":true},"in2DMode":false,"pivot":{"x":16.016128540039064,"y":4.347282409667969,"z":-2.4937334060668947},"rotation":{"x":-0.21904057264328004,"y":-0.009019807912409306,"z":0.0021587260998785497,"w":-0.9758191704750061},"size":0.12090899795293808,"orthographic":false}