{"cameraMode":{"drawMode":0,"name":"Shaded","section":"Shading Mode"},"sceneLighting":true,"audioPlay":false,"sceneViewState":{"showFog":true,"showMaterialUpdate":false,"showSkybox":true,"showFlares":true,"showImageEffects":true,"showParticleSystems":true},"in2DMode":false,"pivot":{"x":13.399072647094727,"y":2.9214630126953127,"z":1.8081293106079102},"rotation":{"x":-0.1449630856513977,"y":0.06914170831441879,"z":-0.010050023905932904,"w":-0.9870848059654236},"size":7.24152946472168,"orthographic":false}