{"cameraMode":{"drawMode":0,"name":"Shaded","section":"Shading Mode"},"sceneLighting":true,"audioPlay":false,"sceneViewState":{"showFog":true,"showMaterialUpdate":false,"showSkybox":true,"showFlares":true,"showImageEffects":true,"showParticleSystems":true},"in2DMode":false,"pivot":{"x":0.32173848152160647,"y":2.5317020416259767,"z":-4.234166145324707},"rotation":{"x":0.15271030366420747,"y":0.00920714158564806,"z":-0.0013812064426019788,"w":0.9882683753967285},"size":1.1424604654312134,"orthographic":false}