{"cameraMode":{"drawMode":0,"name":"Shaded","section":"Shading Mode"},"sceneLighting":true,"audioPlay":false,"sceneViewState":{"showFog":true,"showMaterialUpdate":false,"showSkybox":true,"showFlares":true,"showImageEffects":true,"showParticleSystems":true},"in2DMode":false,"pivot":{"x":13.024454116821289,"y":4.229907512664795,"z":-7.395946502685547},"rotation":{"x":0.16290561854839326,"y":-0.04917284846305847,"z":0.007927393540740013,"w":0.9855114221572876},"size":1.0577633380889893,"orthographic":false}