{"cameraMode":{"drawMode":0,"name":"Shaded","section":"Shading Mode"},"sceneLighting":true,"audioPlay":false,"sceneViewState":{"showFog":true,"showMaterialUpdate":false,"showSkybox":true,"showFlares":true,"showImageEffects":true,"showParticleSystems":true},"in2DMode":false,"pivot":{"x":18.550586700439454,"y":15.276716232299805,"z":-68.0138931274414},"rotation":{"x":-0.040777139365673068,"y":-0.03237125650048256,"z":0.001321644987910986,"w":-0.9986457824707031},"size":10.0,"orthographic":false}