{"cameraMode":{"drawMode":0,"name":"Shaded","section":"Shading Mode"},"sceneLighting":true,"audioPlay":false,"sceneViewState":{"showFog":true,"showMaterialUpdate":false,"showSkybox":true,"showFlares":true,"showImageEffects":true,"showParticleSystems":true},"in2DMode":false,"pivot":{"x":741.3358154296875,"y":765.5220947265625,"z":-1252.1090087890625},"rotation":{"x":-0.0886709988117218,"y":-0.02628679946064949,"z":0.0023555720690637829,"w":-0.9957994818687439},"size":214.7639617919922,"orthographic":false}